{"cameraMode":{"drawMode":0,"name":"Shaded","section":"Shading Mode"},"sceneLighting":true,"audioPlay":false,"sceneViewState":{"m_AlwaysRefresh":false,"showFog":true,"showSkybox":true,"showFlares":true,"showImageEffects":true,"showParticleSystems":true,"showVisualEffectGraphs":true,"m_FxEnabled":true},"in2DMode":false,"pivot":{"x":-6.384299278259277,"y":-60.56165313720703,"z":224.00466918945313},"rotation":{"x":-0.17457923293113709,"y":0.005682564340531826,"z":-0.0008139616111293435,"w":-0.984520673751831},"size":128.8270721435547,"orthographic":false}